Tiempo,Costo
0.000173304,152
0.000212154,129
0.000272135,121
0.000293706,115
0.000428558,114
0.00049459,109
0.00120284,108
0.00140037,101
0.00272276,95
0.032467,94
0.0516409,93
0.117466,87
0.164047,85
3.47968,84
34.5192,83
